{
  "$schema": "https://raw.githubusercontent.com/dineug/erd-editor/main/json-schema/schema.json",
  "version": "3.0.0",
  "settings": {
    "width": 2000,
    "height": 2000,
    "scrollTop": 0,
    "scrollLeft": 0,
    "zoomLevel": 1,
    "show": 431,
    "database": 4,
    "databaseName": "",
    "canvasType": "ERD",
    "language": 1,
    "tableNameCase": 4,
    "columnNameCase": 2,
    "bracketType": 1,
    "relationshipDataTypeSync": true,
    "relationshipOptimization": false,
    "columnOrder": [
      1,
      2,
      4,
      8,
      16,
      32,
      64
    ],
    "maxWidthComment": -1,
    "ignoreSaveSettings": 0
  },
  "doc": {
    "tableIds": [
      "Xe-h3J1CHD5pz2rQHx96O",
      "ibHIZDwVnYsFJPGiORdTt",
      "rNlDggUZkRZh8qLkbEQLm",
      "XcIAnSAXMmM_YfTw1ZGDh",
      "URaee33FSQAK927XNO3rY",
      "IhWzpidggXyT9S6D1zz1D",
      "v6ze7Xmg0DVhudsrajRIa",
      "NWha-ZXbsslRmVSB3HvV6",
      "3oArYyqUUAE2D6b37EARd",
      "d-z096ezvOjSuTd3uASu0"
    ],
    "relationshipIds": [
      "npo4z19cmbPK08E0A1iQr",
      "9PsS4dqbmilywdfwOsdbK",
      "gGqATaPOIZ2lSqo9qkw4O",
      "_zIvGYQt0eN-Kg2H3OFG-",
      "hnco1TSkFeGHAgTyoIAcZ",
      "A_cCgvUa84akRBlzvlOeP",
      "_EQOkSfbVj73jdHlhqx-S",
      "jTxrlW38JhB1oHlRTK3M1",
      "j2NFz7LIoiL142NcrEs2R"
    ],
    "indexIds": [
      "9CgX7E83U0NbpykfC6Lpw",
      "Z858i8exdKrLk0xS3T_NT",
      "7uZcNP9q5k08mGKKALFQ5",
      "Nv5Q586MxabuWTGSuBCr0",
      "l0Ra6cEDjVgeo0JfN602T",
      "GMRINoIAPLllepdmwqXdD",
      "LSYqu6Pl5ipBWRQ07V8wE",
      "HVM0XLOsKQsY2XRflEmdQ",
      "PLhM5_gLci3ehBOjt2N6P"
    ],
    "memoIds": []
  },
  "collections": {
    "tableEntities": {
      "Xe-h3J1CHD5pz2rQHx96O": {
        "id": "Xe-h3J1CHD5pz2rQHx96O",
        "name": "categorias",
        "comment": "",
        "columnIds": [
          "PunfiYDi00CjYlOfGtOtu",
          "GM9x0fhGziZHmcDuSGzF8",
          "yN7SR_w5wChIishqopufR",
          "O208-rLG_O8il8kQg32Vp"
        ],
        "seqColumnIds": [
          "PunfiYDi00CjYlOfGtOtu",
          "GM9x0fhGziZHmcDuSGzF8",
          "yN7SR_w5wChIishqopufR",
          "O208-rLG_O8il8kQg32Vp"
        ],
        "ui": {
          "x": 1508,
          "y": 440,
          "zIndex": 2,
          "widthName": 60,
          "widthComment": 60,
          "color": ""
        },
        "meta": {
          "updateAt": 1728646213279,
          "createAt": 1728645826393
        }
      },
      "ibHIZDwVnYsFJPGiORdTt": {
        "id": "ibHIZDwVnYsFJPGiORdTt",
        "name": "usuarios",
        "comment": "",
        "columnIds": [
          "sDTW-fqlCkODIouQ_kisj",
          "CPZvA7oNQ-Fe45LxIRX1c",
          "cfz8-tNUQHWp7vvTSOcDi",
          "qjvB7GcF4OfGXhMb90gp3"
        ],
        "seqColumnIds": [
          "sDTW-fqlCkODIouQ_kisj",
          "CPZvA7oNQ-Fe45LxIRX1c",
          "cfz8-tNUQHWp7vvTSOcDi",
          "qjvB7GcF4OfGXhMb90gp3"
        ],
        "ui": {
          "x": 37,
          "y": 288,
          "zIndex": 2,
          "widthName": 60,
          "widthComment": 60,
          "color": ""
        },
        "meta": {
          "updateAt": 1728646187155,
          "createAt": 1728645826397
        }
      },
      "rNlDggUZkRZh8qLkbEQLm": {
        "id": "rNlDggUZkRZh8qLkbEQLm",
        "name": "cuentas",
        "comment": "",
        "columnIds": [
          "GPP7uscJxhMTEzk76qR_N",
          "DkrjXRWExCUjPCzJ38N4W",
          "o52QY2vCsrhKo_dtzOKIP",
          "8y-HwroaZM4FW40MzCttB",
          "I2rn0mpDznVNNLMm3E-1G",
          "v9ivD9KDdColdSSn9wHMq"
        ],
        "seqColumnIds": [
          "GPP7uscJxhMTEzk76qR_N",
          "DkrjXRWExCUjPCzJ38N4W",
          "o52QY2vCsrhKo_dtzOKIP",
          "8y-HwroaZM4FW40MzCttB",
          "I2rn0mpDznVNNLMm3E-1G",
          "v9ivD9KDdColdSSn9wHMq"
        ],
        "ui": {
          "x": 29,
          "y": 544,
          "zIndex": 2,
          "widthName": 60,
          "widthComment": 60,
          "color": ""
        },
        "meta": {
          "updateAt": 1728646245264,
          "createAt": 1728645826398
        }
      },
      "XcIAnSAXMmM_YfTw1ZGDh": {
        "id": "XcIAnSAXMmM_YfTw1ZGDh",
        "name": "tipoMovimiento",
        "comment": "",
        "columnIds": [
          "ht1-aru6lkjV1lL9kKgQo"
        ],
        "seqColumnIds": [
          "ht1-aru6lkjV1lL9kKgQo"
        ],
        "ui": {
          "x": 721,
          "y": 22,
          "zIndex": 2,
          "widthName": 87,
          "widthComment": 60,
          "color": ""
        },
        "meta": {
          "updateAt": 1728646203737,
          "createAt": 1728645826399
        }
      },
      "URaee33FSQAK927XNO3rY": {
        "id": "URaee33FSQAK927XNO3rY",
        "name": "subcategorias",
        "comment": "",
        "columnIds": [
          "hFyOYms8YK-mlaMzyw7pI",
          "LuyJ-sgmcBobUd3c4hOcl",
          "KFzPLEm9OOoG_MS1eHGJA",
          "t5xP5qpVazm9ss2xL8dS6"
        ],
        "seqColumnIds": [
          "hFyOYms8YK-mlaMzyw7pI",
          "LuyJ-sgmcBobUd3c4hOcl",
          "KFzPLEm9OOoG_MS1eHGJA",
          "t5xP5qpVazm9ss2xL8dS6"
        ],
        "ui": {
          "x": 1402,
          "y": 50,
          "zIndex": 2,
          "widthName": 75,
          "widthComment": 60,
          "color": ""
        },
        "meta": {
          "updateAt": 1728646211487,
          "createAt": 1728645826399
        }
      },
      "IhWzpidggXyT9S6D1zz1D": {
        "id": "IhWzpidggXyT9S6D1zz1D",
        "name": "movimientos",
        "comment": "",
        "columnIds": [
          "StFXQCtNlX-ZMRgrLxYV8",
          "tySgJWK1LToDws9CNWeYu",
          "CmZQfKhwMSQA4NtiZ3M0b",
          "5v8aR-ltncnyxXx2gbQlR",
          "UGBT-IgbGSLE3Lw6HBGK_",
          "8wLXC4YSpKtFfbQ357IbD",
          "KzfkIdowkBP97-SrwWBG8",
          "4ZCEYKmHgTXxjyTQk_V9L",
          "-g6eRGHvXg5ZZcA9r40Bp",
          "gCk7t0KPXT1h7MJPldftn",
          "RTSyvVbFYd97tg5wWComc",
          "tHc_MntFYP0cHRYCh_xB5",
          "Je7fMVO3ZnldraXQidT9g",
          "BfuUl7_eMnZ_SrcvMaaix",
          "PFcCHnDMHEW_mV57SdeC7",
          "k5mdMX7ugtuyxVOvsYu49",
          "K_htQS5xjmfusrnduWSL3",
          "KXr9cBDkLK-anLTfMzzHH"
        ],
        "seqColumnIds": [
          "StFXQCtNlX-ZMRgrLxYV8",
          "tySgJWK1LToDws9CNWeYu",
          "CmZQfKhwMSQA4NtiZ3M0b",
          "5v8aR-ltncnyxXx2gbQlR",
          "UGBT-IgbGSLE3Lw6HBGK_",
          "8wLXC4YSpKtFfbQ357IbD",
          "KzfkIdowkBP97-SrwWBG8",
          "4ZCEYKmHgTXxjyTQk_V9L",
          "-g6eRGHvXg5ZZcA9r40Bp",
          "gCk7t0KPXT1h7MJPldftn",
          "RTSyvVbFYd97tg5wWComc",
          "tHc_MntFYP0cHRYCh_xB5",
          "Je7fMVO3ZnldraXQidT9g",
          "BfuUl7_eMnZ_SrcvMaaix",
          "PFcCHnDMHEW_mV57SdeC7",
          "k5mdMX7ugtuyxVOvsYu49",
          "K_htQS5xjmfusrnduWSL3",
          "KXr9cBDkLK-anLTfMzzHH"
        ],
        "ui": {
          "x": 745,
          "y": 188,
          "zIndex": 2,
          "widthName": 71,
          "widthComment": 60,
          "color": ""
        },
        "meta": {
          "updateAt": 1728646198954,
          "createAt": 1728645826400
        }
      },
      "v6ze7Xmg0DVhudsrajRIa": {
        "id": "v6ze7Xmg0DVhudsrajRIa",
        "name": "presupuestos",
        "comment": "",
        "columnIds": [
          "CTEhvrgRuEWWi90yAs2fY",
          "JKNlA47LvUYCwFW-SgC1L",
          "vjwZqwHIGHHLaiykeJgkS",
          "5jOSxqNtrRvQMhJrXnJ83",
          "DGrYGiQXVSkwRxerVMmkk",
          "fY2dRHTj5O4V5bLk74Inx"
        ],
        "seqColumnIds": [
          "CTEhvrgRuEWWi90yAs2fY",
          "JKNlA47LvUYCwFW-SgC1L",
          "vjwZqwHIGHHLaiykeJgkS",
          "5jOSxqNtrRvQMhJrXnJ83",
          "DGrYGiQXVSkwRxerVMmkk",
          "fY2dRHTj5O4V5bLk74Inx"
        ],
        "ui": {
          "x": 890,
          "y": 711,
          "zIndex": 2,
          "widthName": 73,
          "widthComment": 60,
          "color": ""
        },
        "meta": {
          "updateAt": 1728646237087,
          "createAt": 1728645826401
        }
      },
      "NWha-ZXbsslRmVSB3HvV6": {
        "id": "NWha-ZXbsslRmVSB3HvV6",
        "name": "proyectos",
        "comment": "",
        "columnIds": [
          "rKsirGNkOnlWBafqmWtZF",
          "GZhjNJwVhMYGpabHKMIYO",
          "EsJiFYsWyeFvGYn3pFHsr",
          "37c4CE9wLcuZVUG8F0gZO",
          "_a-So12mKgKJaIfu4iuEv",
          "LcPek5jr7vrpC68OydPkv"
        ],
        "seqColumnIds": [
          "rKsirGNkOnlWBafqmWtZF",
          "GZhjNJwVhMYGpabHKMIYO",
          "EsJiFYsWyeFvGYn3pFHsr",
          "37c4CE9wLcuZVUG8F0gZO",
          "_a-So12mKgKJaIfu4iuEv",
          "LcPek5jr7vrpC68OydPkv"
        ],
        "ui": {
          "x": 49,
          "y": -34,
          "zIndex": 2,
          "widthName": 60,
          "widthComment": 60,
          "color": ""
        },
        "meta": {
          "updateAt": 1728646181820,
          "createAt": 1728645826403
        }
      },
      "3oArYyqUUAE2D6b37EARd": {
        "id": "3oArYyqUUAE2D6b37EARd",
        "name": "balance",
        "comment": "",
        "columnIds": [
          "6TXeuwu6xRzj_ru-cn4iQ",
          "jC7DwfoujF3ibFGcymQjc",
          "8vz9unfKQwjJs5SzYhgaY",
          "82eAn6lWSgP2IfX7LBW-i",
          "jo00UnHWFWuxzuPshdIEA",
          "lnxE3pOSRLbZtjXLPU13V"
        ],
        "seqColumnIds": [
          "6TXeuwu6xRzj_ru-cn4iQ",
          "jC7DwfoujF3ibFGcymQjc",
          "8vz9unfKQwjJs5SzYhgaY",
          "82eAn6lWSgP2IfX7LBW-i",
          "jo00UnHWFWuxzuPshdIEA",
          "lnxE3pOSRLbZtjXLPU13V"
        ],
        "ui": {
          "x": 1464,
          "y": 747,
          "zIndex": 2,
          "widthName": 60,
          "widthComment": 60,
          "color": ""
        },
        "meta": {
          "updateAt": 1728646240105,
          "createAt": 1728645826403
        }
      },
      "d-z096ezvOjSuTd3uASu0": {
        "id": "d-z096ezvOjSuTd3uASu0",
        "name": "deudas",
        "comment": "",
        "columnIds": [
          "ZD9mF7BXk21OmJ_k4_jIi",
          "O6Zf_8-HPA1avrmoeE2Lt",
          "1ZhSuqFg7SOS3GCUSywEk",
          "CZmnFC_DFBELB5c4nOKzW"
        ],
        "seqColumnIds": [
          "ZD9mF7BXk21OmJ_k4_jIi",
          "O6Zf_8-HPA1avrmoeE2Lt",
          "1ZhSuqFg7SOS3GCUSywEk",
          "CZmnFC_DFBELB5c4nOKzW"
        ],
        "ui": {
          "x": 95,
          "y": 786,
          "zIndex": 2,
          "widthName": 60,
          "widthComment": 60,
          "color": ""
        },
        "meta": {
          "updateAt": 1728646242713,
          "createAt": 1728645826404
        }
      }
    },
    "tableColumnEntities": {
      "PunfiYDi00CjYlOfGtOtu": {
        "id": "PunfiYDi00CjYlOfGtOtu",
        "tableId": "Xe-h3J1CHD5pz2rQHx96O",
        "name": "nomCategoria",
        "comment": "",
        "dataType": "VARCHAR(45)",
        "default": "",
        "options": 10,
        "ui": {
          "keys": 1,
          "widthName": 77,
          "widthComment": 60,
          "widthDataType": 75,
          "widthDefault": 60
        },
        "meta": {
          "updateAt": 1728645826395,
          "createAt": 1728645826395
        }
      },
      "GM9x0fhGziZHmcDuSGzF8": {
        "id": "GM9x0fhGziZHmcDuSGzF8",
        "tableId": "Xe-h3J1CHD5pz2rQHx96O",
        "name": "tipoCategoria",
        "comment": "",
        "dataType": "VARCHAR(45)",
        "default": "",
        "options": 10,
        "ui": {
          "keys": 1,
          "widthName": 74,
          "widthComment": 60,
          "widthDataType": 75,
          "widthDefault": 60
        },
        "meta": {
          "updateAt": 1728645826395,
          "createAt": 1728645826395
        }
      },
      "yN7SR_w5wChIishqopufR": {
        "id": "yN7SR_w5wChIishqopufR",
        "tableId": "Xe-h3J1CHD5pz2rQHx96O",
        "name": "idcategorias_UNIQUE",
        "comment": "",
        "dataType": "",
        "default": "",
        "options": 4,
        "ui": {
          "keys": 0,
          "widthName": 115,
          "widthComment": 60,
          "widthDataType": 60,
          "widthDefault": 60
        },
        "meta": {
          "updateAt": 1728645826396,
          "createAt": 1728645826396
        }
      },
      "O208-rLG_O8il8kQg32Vp": {
        "id": "O208-rLG_O8il8kQg32Vp",
        "tableId": "Xe-h3J1CHD5pz2rQHx96O",
        "name": "ID_tipo_movimiento",
        "comment": "",
        "dataType": "",
        "default": "",
        "options": 4,
        "ui": {
          "keys": 0,
          "widthName": 108,
          "widthComment": 60,
          "widthDataType": 60,
          "widthDefault": 60
        },
        "meta": {
          "updateAt": 1728645826397,
          "createAt": 1728645826397
        }
      },
      "sDTW-fqlCkODIouQ_kisj": {
        "id": "sDTW-fqlCkODIouQ_kisj",
        "tableId": "ibHIZDwVnYsFJPGiORdTt",
        "name": "dniUsuario",
        "comment": "",
        "dataType": "VARCHAR(9)",
        "default": "",
        "options": 10,
        "ui": {
          "keys": 1,
          "widthName": 60,
          "widthComment": 60,
          "widthDataType": 68,
          "widthDefault": 60
        },
        "meta": {
          "updateAt": 1728645826397,
          "createAt": 1728645826397
        }
      },
      "CPZvA7oNQ-Fe45LxIRX1c": {
        "id": "CPZvA7oNQ-Fe45LxIRX1c",
        "tableId": "ibHIZDwVnYsFJPGiORdTt",
        "name": "nomUsuario",
        "comment": "",
        "dataType": "VARCHAR(45)",
        "default": "",
        "options": 8,
        "ui": {
          "keys": 0,
          "widthName": 67,
          "widthComment": 60,
          "widthDataType": 75,
          "widthDefault": 60
        },
        "meta": {
          "updateAt": 1728645826397,
          "createAt": 1728645826397
        }
      },
      "cfz8-tNUQHWp7vvTSOcDi": {
        "id": "cfz8-tNUQHWp7vvTSOcDi",
        "tableId": "ibHIZDwVnYsFJPGiORdTt",
        "name": "emailUsuario",
        "comment": "",
        "dataType": "VARCHAR(45)",
        "default": "",
        "options": 8,
        "ui": {
          "keys": 0,
          "widthName": 71,
          "widthComment": 60,
          "widthDataType": 75,
          "widthDefault": 60
        },
        "meta": {
          "updateAt": 1728645826397,
          "createAt": 1728645826397
        }
      },
      "qjvB7GcF4OfGXhMb90gp3": {
        "id": "qjvB7GcF4OfGXhMb90gp3",
        "tableId": "ibHIZDwVnYsFJPGiORdTt",
        "name": "passwordUsuario",
        "comment": "",
        "dataType": "VARCHAR(45)",
        "default": "",
        "options": 8,
        "ui": {
          "keys": 0,
          "widthName": 93,
          "widthComment": 60,
          "widthDataType": 75,
          "widthDefault": 60
        },
        "meta": {
          "updateAt": 1728645826397,
          "createAt": 1728645826397
        }
      },
      "GPP7uscJxhMTEzk76qR_N": {
        "id": "GPP7uscJxhMTEzk76qR_N",
        "tableId": "rNlDggUZkRZh8qLkbEQLm",
        "name": "idCuenta",
        "comment": "",
        "dataType": "VARCHAR(45)",
        "default": "",
        "options": 10,
        "ui": {
          "keys": 1,
          "widthName": 60,
          "widthComment": 60,
          "widthDataType": 75,
          "widthDefault": 60
        },
        "meta": {
          "updateAt": 1728645826398,
          "createAt": 1728645826398
        }
      },
      "DkrjXRWExCUjPCzJ38N4W": {
        "id": "DkrjXRWExCUjPCzJ38N4W",
        "tableId": "rNlDggUZkRZh8qLkbEQLm",
        "name": "nomCuenta",
        "comment": "",
        "dataType": "VARCHAR(25)",
        "default": "",
        "options": 8,
        "ui": {
          "keys": 0,
          "widthName": 64,
          "widthComment": 60,
          "widthDataType": 75,
          "widthDefault": 60
        },
        "meta": {
          "updateAt": 1728645826398,
          "createAt": 1728645826398
        }
      },
      "o52QY2vCsrhKo_dtzOKIP": {
        "id": "o52QY2vCsrhKo_dtzOKIP",
        "tableId": "rNlDggUZkRZh8qLkbEQLm",
        "name": "saldoCuenta",
        "comment": "",
        "dataType": "FLOAT(7,2)",
        "default": "NULL",
        "options": 0,
        "ui": {
          "keys": 0,
          "widthName": 68,
          "widthComment": 60,
          "widthDataType": 60,
          "widthDefault": 60
        },
        "meta": {
          "updateAt": 1728645826399,
          "createAt": 1728645826399
        }
      },
      "8y-HwroaZM4FW40MzCttB": {
        "id": "8y-HwroaZM4FW40MzCttB",
        "tableId": "rNlDggUZkRZh8qLkbEQLm",
        "name": "usuarios_dniUsuario",
        "comment": "",
        "dataType": "VARCHAR(9)",
        "default": "",
        "options": 10,
        "ui": {
          "keys": 3,
          "widthName": 108,
          "widthComment": 60,
          "widthDataType": 68,
          "widthDefault": 60
        },
        "meta": {
          "updateAt": 1728645826399,
          "createAt": 1728645826399
        }
      },
      "I2rn0mpDznVNNLMm3E-1G": {
        "id": "I2rn0mpDznVNNLMm3E-1G",
        "tableId": "rNlDggUZkRZh8qLkbEQLm",
        "name": "VISIBLE",
        "comment": "",
        "dataType": "",
        "default": "",
        "options": 0,
        "ui": {
          "keys": 0,
          "widthName": 60,
          "widthComment": 60,
          "widthDataType": 60,
          "widthDefault": 60
        },
        "meta": {
          "updateAt": 1728645826399,
          "createAt": 1728645826399
        }
      },
      "v9ivD9KDdColdSSn9wHMq": {
        "id": "v9ivD9KDdColdSSn9wHMq",
        "tableId": "rNlDggUZkRZh8qLkbEQLm",
        "name": "ON",
        "comment": "",
        "dataType": "",
        "default": "",
        "options": 0,
        "ui": {
          "keys": 0,
          "widthName": 60,
          "widthComment": 60,
          "widthDataType": 60,
          "widthDefault": 60
        },
        "meta": {
          "updateAt": 1728645826399,
          "createAt": 1728645826399
        }
      },
      "ht1-aru6lkjV1lL9kKgQo": {
        "id": "ht1-aru6lkjV1lL9kKgQo",
        "tableId": "XcIAnSAXMmM_YfTw1ZGDh",
        "name": "nomTipoMovimiento",
        "comment": "",
        "dataType": "VARCHAR(45)",
        "default": "",
        "options": 10,
        "ui": {
          "keys": 1,
          "widthName": 113,
          "widthComment": 60,
          "widthDataType": 75,
          "widthDefault": 60
        },
        "meta": {
          "updateAt": 1728645826399,
          "createAt": 1728645826399
        }
      },
      "hFyOYms8YK-mlaMzyw7pI": {
        "id": "hFyOYms8YK-mlaMzyw7pI",
        "tableId": "URaee33FSQAK927XNO3rY",
        "name": "nomSubcategoira",
        "comment": "",
        "dataType": "VARCHAR(45)",
        "default": "",
        "options": 10,
        "ui": {
          "keys": 1,
          "widthName": 96,
          "widthComment": 60,
          "widthDataType": 75,
          "widthDefault": 60
        },
        "meta": {
          "updateAt": 1728645826399,
          "createAt": 1728645826399
        }
      },
      "LuyJ-sgmcBobUd3c4hOcl": {
        "id": "LuyJ-sgmcBobUd3c4hOcl",
        "tableId": "URaee33FSQAK927XNO3rY",
        "name": "categorias_nomCategoria",
        "comment": "",
        "dataType": "VARCHAR(45)",
        "default": "",
        "options": 10,
        "ui": {
          "keys": 3,
          "widthName": 137,
          "widthComment": 60,
          "widthDataType": 75,
          "widthDefault": 60
        },
        "meta": {
          "updateAt": 1728645826400,
          "createAt": 1728645826400
        }
      },
      "KFzPLEm9OOoG_MS1eHGJA": {
        "id": "KFzPLEm9OOoG_MS1eHGJA",
        "tableId": "URaee33FSQAK927XNO3rY",
        "name": "VISIBLE",
        "comment": "",
        "dataType": "",
        "default": "",
        "options": 0,
        "ui": {
          "keys": 0,
          "widthName": 60,
          "widthComment": 60,
          "widthDataType": 60,
          "widthDefault": 60
        },
        "meta": {
          "updateAt": 1728645826400,
          "createAt": 1728645826400
        }
      },
      "t5xP5qpVazm9ss2xL8dS6": {
        "id": "t5xP5qpVazm9ss2xL8dS6",
        "tableId": "URaee33FSQAK927XNO3rY",
        "name": "ON",
        "comment": "",
        "dataType": "",
        "default": "",
        "options": 0,
        "ui": {
          "keys": 0,
          "widthName": 60,
          "widthComment": 60,
          "widthDataType": 60,
          "widthDefault": 60
        },
        "meta": {
          "updateAt": 1728645826400,
          "createAt": 1728645826400
        }
      },
      "StFXQCtNlX-ZMRgrLxYV8": {
        "id": "StFXQCtNlX-ZMRgrLxYV8",
        "tableId": "IhWzpidggXyT9S6D1zz1D",
        "name": "idMovimiento",
        "comment": "",
        "dataType": "INT",
        "default": "",
        "options": 11,
        "ui": {
          "keys": 1,
          "widthName": 76,
          "widthComment": 60,
          "widthDataType": 60,
          "widthDefault": 60
        },
        "meta": {
          "updateAt": 1728645826400,
          "createAt": 1728645826400
        }
      },
      "tySgJWK1LToDws9CNWeYu": {
        "id": "tySgJWK1LToDws9CNWeYu",
        "tableId": "IhWzpidggXyT9S6D1zz1D",
        "name": "importeMovimiento",
        "comment": "",
        "dataType": "FLOAT(7,2)",
        "default": "NULL",
        "options": 0,
        "ui": {
          "keys": 0,
          "widthName": 108,
          "widthComment": 60,
          "widthDataType": 60,
          "widthDefault": 60
        },
        "meta": {
          "updateAt": 1728645826400,
          "createAt": 1728645826400
        }
      },
      "CmZQfKhwMSQA4NtiZ3M0b": {
        "id": "CmZQfKhwMSQA4NtiZ3M0b",
        "tableId": "IhWzpidggXyT9S6D1zz1D",
        "name": "fechaMovimiento",
        "comment": "",
        "dataType": "DATE",
        "default": "NULL",
        "options": 0,
        "ui": {
          "keys": 0,
          "widthName": 94,
          "widthComment": 60,
          "widthDataType": 60,
          "widthDefault": 60
        },
        "meta": {
          "updateAt": 1728645826400,
          "createAt": 1728645826400
        }
      },
      "5v8aR-ltncnyxXx2gbQlR": {
        "id": "5v8aR-ltncnyxXx2gbQlR",
        "tableId": "IhWzpidggXyT9S6D1zz1D",
        "name": "comentarioMovimiento",
        "comment": "",
        "dataType": "VARCHAR(250)",
        "default": "NULL",
        "options": 0,
        "ui": {
          "keys": 0,
          "widthName": 126,
          "widthComment": 60,
          "widthDataType": 81,
          "widthDefault": 60
        },
        "meta": {
          "updateAt": 1728645826400,
          "createAt": 1728645826400
        }
      },
      "UGBT-IgbGSLE3Lw6HBGK_": {
        "id": "UGBT-IgbGSLE3Lw6HBGK_",
        "tableId": "IhWzpidggXyT9S6D1zz1D",
        "name": "tipoMovimiento_nomTipoMovimiento",
        "comment": "",
        "dataType": "VARCHAR(45)",
        "default": "",
        "options": 10,
        "ui": {
          "keys": 3,
          "widthName": 203,
          "widthComment": 60,
          "widthDataType": 75,
          "widthDefault": 60
        },
        "meta": {
          "updateAt": 1728645826400,
          "createAt": 1728645826400
        }
      },
      "8wLXC4YSpKtFfbQ357IbD": {
        "id": "8wLXC4YSpKtFfbQ357IbD",
        "tableId": "IhWzpidggXyT9S6D1zz1D",
        "name": "subcategorias_nomSubcategoira",
        "comment": "",
        "dataType": "VARCHAR(45)",
        "default": "",
        "options": 10,
        "ui": {
          "keys": 3,
          "widthName": 174,
          "widthComment": 60,
          "widthDataType": 75,
          "widthDefault": 60
        },
        "meta": {
          "updateAt": 1728645826400,
          "createAt": 1728645826400
        }
      },
      "KzfkIdowkBP97-SrwWBG8": {
        "id": "KzfkIdowkBP97-SrwWBG8",
        "tableId": "IhWzpidggXyT9S6D1zz1D",
        "name": "subcategorias_categorias_nomCategoria",
        "comment": "",
        "dataType": "VARCHAR(45)",
        "default": "",
        "options": 10,
        "ui": {
          "keys": 3,
          "widthName": 215,
          "widthComment": 60,
          "widthDataType": 75,
          "widthDefault": 60
        },
        "meta": {
          "updateAt": 1728645826401,
          "createAt": 1728645826401
        }
      },
      "4ZCEYKmHgTXxjyTQk_V9L": {
        "id": "4ZCEYKmHgTXxjyTQk_V9L",
        "tableId": "IhWzpidggXyT9S6D1zz1D",
        "name": "usuarios_dniUsuario",
        "comment": "",
        "dataType": "VARCHAR(9)",
        "default": "",
        "options": 10,
        "ui": {
          "keys": 3,
          "widthName": 108,
          "widthComment": 60,
          "widthDataType": 68,
          "widthDefault": 60
        },
        "meta": {
          "updateAt": 1728645826401,
          "createAt": 1728645826401
        }
      },
      "-g6eRGHvXg5ZZcA9r40Bp": {
        "id": "-g6eRGHvXg5ZZcA9r40Bp",
        "tableId": "IhWzpidggXyT9S6D1zz1D",
        "name": "cuentas_idCuenta",
        "comment": "",
        "dataType": "VARCHAR(45)",
        "default": "",
        "options": 10,
        "ui": {
          "keys": 3,
          "widthName": 95,
          "widthComment": 60,
          "widthDataType": 75,
          "widthDefault": 60
        },
        "meta": {
          "updateAt": 1728645826401,
          "createAt": 1728645826401
        }
      },
      "gCk7t0KPXT1h7MJPldftn": {
        "id": "gCk7t0KPXT1h7MJPldftn",
        "tableId": "IhWzpidggXyT9S6D1zz1D",
        "name": "cuentas_usuarios_dniUsuario",
        "comment": "",
        "dataType": "VARCHAR(9)",
        "default": "",
        "options": 10,
        "ui": {
          "keys": 3,
          "widthName": 154,
          "widthComment": 60,
          "widthDataType": 68,
          "widthDefault": 60
        },
        "meta": {
          "updateAt": 1728645826401,
          "createAt": 1728645826401
        }
      },
      "RTSyvVbFYd97tg5wWComc": {
        "id": "RTSyvVbFYd97tg5wWComc",
        "tableId": "IhWzpidggXyT9S6D1zz1D",
        "name": "VISIBLE",
        "comment": "",
        "dataType": "",
        "default": "",
        "options": 0,
        "ui": {
          "keys": 0,
          "widthName": 60,
          "widthComment": 60,
          "widthDataType": 60,
          "widthDefault": 60
        },
        "meta": {
          "updateAt": 1728645826401,
          "createAt": 1728645826401
        }
      },
      "tHc_MntFYP0cHRYCh_xB5": {
        "id": "tHc_MntFYP0cHRYCh_xB5",
        "tableId": "IhWzpidggXyT9S6D1zz1D",
        "name": "VISIBLE",
        "comment": "",
        "dataType": "",
        "default": "",
        "options": 0,
        "ui": {
          "keys": 0,
          "widthName": 60,
          "widthComment": 60,
          "widthDataType": 60,
          "widthDefault": 60
        },
        "meta": {
          "updateAt": 1728645826401,
          "createAt": 1728645826401
        }
      },
      "Je7fMVO3ZnldraXQidT9g": {
        "id": "Je7fMVO3ZnldraXQidT9g",
        "tableId": "IhWzpidggXyT9S6D1zz1D",
        "name": "VISIBLE",
        "comment": "",
        "dataType": "",
        "default": "",
        "options": 0,
        "ui": {
          "keys": 0,
          "widthName": 60,
          "widthComment": 60,
          "widthDataType": 60,
          "widthDefault": 60
        },
        "meta": {
          "updateAt": 1728645826401,
          "createAt": 1728645826401
        }
      },
      "BfuUl7_eMnZ_SrcvMaaix": {
        "id": "BfuUl7_eMnZ_SrcvMaaix",
        "tableId": "IhWzpidggXyT9S6D1zz1D",
        "name": "VISIBLE",
        "comment": "",
        "dataType": "",
        "default": "",
        "options": 0,
        "ui": {
          "keys": 0,
          "widthName": 60,
          "widthComment": 60,
          "widthDataType": 60,
          "widthDefault": 60
        },
        "meta": {
          "updateAt": 1728645826401,
          "createAt": 1728645826401
        }
      },
      "PFcCHnDMHEW_mV57SdeC7": {
        "id": "PFcCHnDMHEW_mV57SdeC7",
        "tableId": "IhWzpidggXyT9S6D1zz1D",
        "name": "ON",
        "comment": "",
        "dataType": "",
        "default": "",
        "options": 0,
        "ui": {
          "keys": 0,
          "widthName": 60,
          "widthComment": 60,
          "widthDataType": 60,
          "widthDefault": 60
        },
        "meta": {
          "updateAt": 1728645826401,
          "createAt": 1728645826401
        }
      },
      "k5mdMX7ugtuyxVOvsYu49": {
        "id": "k5mdMX7ugtuyxVOvsYu49",
        "tableId": "IhWzpidggXyT9S6D1zz1D",
        "name": "ON",
        "comment": "",
        "dataType": "",
        "default": "",
        "options": 0,
        "ui": {
          "keys": 0,
          "widthName": 60,
          "widthComment": 60,
          "widthDataType": 60,
          "widthDefault": 60
        },
        "meta": {
          "updateAt": 1728645826401,
          "createAt": 1728645826401
        }
      },
      "K_htQS5xjmfusrnduWSL3": {
        "id": "K_htQS5xjmfusrnduWSL3",
        "tableId": "IhWzpidggXyT9S6D1zz1D",
        "name": "ON",
        "comment": "",
        "dataType": "",
        "default": "",
        "options": 0,
        "ui": {
          "keys": 0,
          "widthName": 60,
          "widthComment": 60,
          "widthDataType": 60,
          "widthDefault": 60
        },
        "meta": {
          "updateAt": 1728645826401,
          "createAt": 1728645826401
        }
      },
      "KXr9cBDkLK-anLTfMzzHH": {
        "id": "KXr9cBDkLK-anLTfMzzHH",
        "tableId": "IhWzpidggXyT9S6D1zz1D",
        "name": "ON",
        "comment": "",
        "dataType": "",
        "default": "",
        "options": 0,
        "ui": {
          "keys": 0,
          "widthName": 60,
          "widthComment": 60,
          "widthDataType": 60,
          "widthDefault": 60
        },
        "meta": {
          "updateAt": 1728645826401,
          "createAt": 1728645826401
        }
      },
      "CTEhvrgRuEWWi90yAs2fY": {
        "id": "CTEhvrgRuEWWi90yAs2fY",
        "tableId": "v6ze7Xmg0DVhudsrajRIa",
        "name": "mesPresupuesto",
        "comment": "",
        "dataType": "VARCHAR(15)",
        "default": "",
        "options": 10,
        "ui": {
          "keys": 1,
          "widthName": 89,
          "widthComment": 60,
          "widthDataType": 75,
          "widthDefault": 60
        },
        "meta": {
          "updateAt": 1728645826401,
          "createAt": 1728645826401
        }
      },
      "JKNlA47LvUYCwFW-SgC1L": {
        "id": "JKNlA47LvUYCwFW-SgC1L",
        "tableId": "v6ze7Xmg0DVhudsrajRIa",
        "name": "anoPresupuesto",
        "comment": "",
        "dataType": "INT",
        "default": "",
        "options": 10,
        "ui": {
          "keys": 1,
          "widthName": 87,
          "widthComment": 60,
          "widthDataType": 60,
          "widthDefault": 60
        },
        "meta": {
          "updateAt": 1728645826403,
          "createAt": 1728645826403
        }
      },
      "vjwZqwHIGHHLaiykeJgkS": {
        "id": "vjwZqwHIGHHLaiykeJgkS",
        "tableId": "v6ze7Xmg0DVhudsrajRIa",
        "name": "importePresupuesto",
        "comment": "",
        "dataType": "FLOAT(7,2)",
        "default": "",
        "options": 8,
        "ui": {
          "keys": 0,
          "widthName": 109,
          "widthComment": 60,
          "widthDataType": 60,
          "widthDefault": 60
        },
        "meta": {
          "updateAt": 1728645826403,
          "createAt": 1728645826403
        }
      },
      "5jOSxqNtrRvQMhJrXnJ83": {
        "id": "5jOSxqNtrRvQMhJrXnJ83",
        "tableId": "v6ze7Xmg0DVhudsrajRIa",
        "name": "categorias_nomCategoria",
        "comment": "",
        "dataType": "VARCHAR(45)",
        "default": "",
        "options": 10,
        "ui": {
          "keys": 3,
          "widthName": 137,
          "widthComment": 60,
          "widthDataType": 75,
          "widthDefault": 60
        },
        "meta": {
          "updateAt": 1728645826403,
          "createAt": 1728645826403
        }
      },
      "DGrYGiQXVSkwRxerVMmkk": {
        "id": "DGrYGiQXVSkwRxerVMmkk",
        "tableId": "v6ze7Xmg0DVhudsrajRIa",
        "name": "VISIBLE",
        "comment": "",
        "dataType": "",
        "default": "",
        "options": 0,
        "ui": {
          "keys": 0,
          "widthName": 60,
          "widthComment": 60,
          "widthDataType": 60,
          "widthDefault": 60
        },
        "meta": {
          "updateAt": 1728645826403,
          "createAt": 1728645826403
        }
      },
      "fY2dRHTj5O4V5bLk74Inx": {
        "id": "fY2dRHTj5O4V5bLk74Inx",
        "tableId": "v6ze7Xmg0DVhudsrajRIa",
        "name": "ON",
        "comment": "",
        "dataType": "",
        "default": "",
        "options": 0,
        "ui": {
          "keys": 0,
          "widthName": 60,
          "widthComment": 60,
          "widthDataType": 60,
          "widthDefault": 60
        },
        "meta": {
          "updateAt": 1728645826403,
          "createAt": 1728645826403
        }
      },
      "rKsirGNkOnlWBafqmWtZF": {
        "id": "rKsirGNkOnlWBafqmWtZF",
        "tableId": "NWha-ZXbsslRmVSB3HvV6",
        "name": "idProyecto",
        "comment": "",
        "dataType": "INT",
        "default": "",
        "options": 10,
        "ui": {
          "keys": 1,
          "widthName": 60,
          "widthComment": 60,
          "widthDataType": 60,
          "widthDefault": 60
        },
        "meta": {
          "updateAt": 1728645826403,
          "createAt": 1728645826403
        }
      },
      "GZhjNJwVhMYGpabHKMIYO": {
        "id": "GZhjNJwVhMYGpabHKMIYO",
        "tableId": "NWha-ZXbsslRmVSB3HvV6",
        "name": "saldoProyecto",
        "comment": "",
        "dataType": "FLOAT(7,2)",
        "default": "",
        "options": 8,
        "ui": {
          "keys": 0,
          "widthName": 77,
          "widthComment": 60,
          "widthDataType": 60,
          "widthDefault": 60
        },
        "meta": {
          "updateAt": 1728645826403,
          "createAt": 1728645826403
        }
      },
      "EsJiFYsWyeFvGYn3pFHsr": {
        "id": "EsJiFYsWyeFvGYn3pFHsr",
        "tableId": "NWha-ZXbsslRmVSB3HvV6",
        "name": "fechaProyecto",
        "comment": "",
        "dataType": "DATE",
        "default": "",
        "options": 8,
        "ui": {
          "keys": 0,
          "widthName": 77,
          "widthComment": 60,
          "widthDataType": 60,
          "widthDefault": 60
        },
        "meta": {
          "updateAt": 1728645826403,
          "createAt": 1728645826403
        }
      },
      "37c4CE9wLcuZVUG8F0gZO": {
        "id": "37c4CE9wLcuZVUG8F0gZO",
        "tableId": "NWha-ZXbsslRmVSB3HvV6",
        "name": "usuarios_dniUsuario",
        "comment": "",
        "dataType": "VARCHAR(9)",
        "default": "",
        "options": 10,
        "ui": {
          "keys": 3,
          "widthName": 108,
          "widthComment": 60,
          "widthDataType": 68,
          "widthDefault": 60
        },
        "meta": {
          "updateAt": 1728645826403,
          "createAt": 1728645826403
        }
      },
      "_a-So12mKgKJaIfu4iuEv": {
        "id": "_a-So12mKgKJaIfu4iuEv",
        "tableId": "NWha-ZXbsslRmVSB3HvV6",
        "name": "VISIBLE",
        "comment": "",
        "dataType": "",
        "default": "",
        "options": 0,
        "ui": {
          "keys": 0,
          "widthName": 60,
          "widthComment": 60,
          "widthDataType": 60,
          "widthDefault": 60
        },
        "meta": {
          "updateAt": 1728645826403,
          "createAt": 1728645826403
        }
      },
      "LcPek5jr7vrpC68OydPkv": {
        "id": "LcPek5jr7vrpC68OydPkv",
        "tableId": "NWha-ZXbsslRmVSB3HvV6",
        "name": "ON",
        "comment": "",
        "dataType": "",
        "default": "",
        "options": 0,
        "ui": {
          "keys": 0,
          "widthName": 60,
          "widthComment": 60,
          "widthDataType": 60,
          "widthDefault": 60
        },
        "meta": {
          "updateAt": 1728645826403,
          "createAt": 1728645826403
        }
      },
      "6TXeuwu6xRzj_ru-cn4iQ": {
        "id": "6TXeuwu6xRzj_ru-cn4iQ",
        "tableId": "3oArYyqUUAE2D6b37EARd",
        "name": "mesBalance",
        "comment": "",
        "dataType": "VARCHAR(15)",
        "default": "",
        "options": 10,
        "ui": {
          "keys": 1,
          "widthName": 64,
          "widthComment": 60,
          "widthDataType": 75,
          "widthDefault": 60
        },
        "meta": {
          "updateAt": 1728645826403,
          "createAt": 1728645826403
        }
      },
      "jC7DwfoujF3ibFGcymQjc": {
        "id": "jC7DwfoujF3ibFGcymQjc",
        "tableId": "3oArYyqUUAE2D6b37EARd",
        "name": "anoBalance",
        "comment": "",
        "dataType": "INT",
        "default": "",
        "options": 10,
        "ui": {
          "keys": 1,
          "widthName": 63,
          "widthComment": 60,
          "widthDataType": 60,
          "widthDefault": 60
        },
        "meta": {
          "updateAt": 1728645826403,
          "createAt": 1728645826403
        }
      },
      "8vz9unfKQwjJs5SzYhgaY": {
        "id": "8vz9unfKQwjJs5SzYhgaY",
        "tableId": "3oArYyqUUAE2D6b37EARd",
        "name": "importeBalance",
        "comment": "",
        "dataType": "FLOAT(7,2)",
        "default": "",
        "options": 8,
        "ui": {
          "keys": 0,
          "widthName": 84,
          "widthComment": 60,
          "widthDataType": 60,
          "widthDefault": 60
        },
        "meta": {
          "updateAt": 1728645826403,
          "createAt": 1728645826403
        }
      },
      "82eAn6lWSgP2IfX7LBW-i": {
        "id": "82eAn6lWSgP2IfX7LBW-i",
        "tableId": "3oArYyqUUAE2D6b37EARd",
        "name": "categorias_nomCategoria",
        "comment": "",
        "dataType": "VARCHAR(45)",
        "default": "",
        "options": 10,
        "ui": {
          "keys": 3,
          "widthName": 137,
          "widthComment": 60,
          "widthDataType": 75,
          "widthDefault": 60
        },
        "meta": {
          "updateAt": 1728645826404,
          "createAt": 1728645826404
        }
      },
      "jo00UnHWFWuxzuPshdIEA": {
        "id": "jo00UnHWFWuxzuPshdIEA",
        "tableId": "3oArYyqUUAE2D6b37EARd",
        "name": "VISIBLE",
        "comment": "",
        "dataType": "",
        "default": "",
        "options": 0,
        "ui": {
          "keys": 0,
          "widthName": 60,
          "widthComment": 60,
          "widthDataType": 60,
          "widthDefault": 60
        },
        "meta": {
          "updateAt": 1728645826404,
          "createAt": 1728645826404
        }
      },
      "lnxE3pOSRLbZtjXLPU13V": {
        "id": "lnxE3pOSRLbZtjXLPU13V",
        "tableId": "3oArYyqUUAE2D6b37EARd",
        "name": "ON",
        "comment": "",
        "dataType": "",
        "default": "",
        "options": 0,
        "ui": {
          "keys": 0,
          "widthName": 60,
          "widthComment": 60,
          "widthDataType": 60,
          "widthDefault": 60
        },
        "meta": {
          "updateAt": 1728645826404,
          "createAt": 1728645826404
        }
      },
      "ZD9mF7BXk21OmJ_k4_jIi": {
        "id": "ZD9mF7BXk21OmJ_k4_jIi",
        "tableId": "d-z096ezvOjSuTd3uASu0",
        "name": "idDeuda",
        "comment": "",
        "dataType": "INT",
        "default": "",
        "options": 10,
        "ui": {
          "keys": 1,
          "widthName": 60,
          "widthComment": 60,
          "widthDataType": 60,
          "widthDefault": 60
        },
        "meta": {
          "updateAt": 1728645826404,
          "createAt": 1728645826404
        }
      },
      "O6Zf_8-HPA1avrmoeE2Lt": {
        "id": "O6Zf_8-HPA1avrmoeE2Lt",
        "tableId": "d-z096ezvOjSuTd3uASu0",
        "name": "nomDeuda",
        "comment": "",
        "dataType": "VARCHAR(45)",
        "default": "",
        "options": 0,
        "ui": {
          "keys": 0,
          "widthName": 61,
          "widthComment": 60,
          "widthDataType": 75,
          "widthDefault": 60
        },
        "meta": {
          "updateAt": 1728645826404,
          "createAt": 1728645826404
        }
      },
      "1ZhSuqFg7SOS3GCUSywEk": {
        "id": "1ZhSuqFg7SOS3GCUSywEk",
        "tableId": "d-z096ezvOjSuTd3uASu0",
        "name": "totalDeuda",
        "comment": "",
        "dataType": "VARCHAR(45)",
        "default": "",
        "options": 0,
        "ui": {
          "keys": 0,
          "widthName": 61,
          "widthComment": 60,
          "widthDataType": 75,
          "widthDefault": 60
        },
        "meta": {
          "updateAt": 1728645826404,
          "createAt": 1728645826404
        }
      },
      "CZmnFC_DFBELB5c4nOKzW": {
        "id": "CZmnFC_DFBELB5c4nOKzW",
        "tableId": "d-z096ezvOjSuTd3uASu0",
        "name": "restoDeuda",
        "comment": "",
        "dataType": "VARCHAR(45)",
        "default": "",
        "options": 0,
        "ui": {
          "keys": 0,
          "widthName": 63,
          "widthComment": 60,
          "widthDataType": 75,
          "widthDefault": 60
        },
        "meta": {
          "updateAt": 1728645826404,
          "createAt": 1728645826404
        }
      }
    },
    "relationshipEntities": {
      "npo4z19cmbPK08E0A1iQr": {
        "id": "npo4z19cmbPK08E0A1iQr",
        "identification": true,
        "relationshipType": 4,
        "startRelationshipType": 2,
        "start": {
          "tableId": "ibHIZDwVnYsFJPGiORdTt",
          "columnIds": [
            "sDTW-fqlCkODIouQ_kisj"
          ],
          "x": 243.5,
          "y": 440,
          "direction": 8
        },
        "end": {
          "tableId": "rNlDggUZkRZh8qLkbEQLm",
          "columnIds": [
            "8y-HwroaZM4FW40MzCttB"
          ],
          "x": 243,
          "y": 544,
          "direction": 4
        },
        "meta": {
          "updateAt": 1728645826404,
          "createAt": 1728645826404
        }
      },
      "9PsS4dqbmilywdfwOsdbK": {
        "id": "9PsS4dqbmilywdfwOsdbK",
        "identification": true,
        "relationshipType": 4,
        "startRelationshipType": 2,
        "start": {
          "tableId": "Xe-h3J1CHD5pz2rQHx96O",
          "columnIds": [
            "PunfiYDi00CjYlOfGtOtu"
          ],
          "x": 1725.5,
          "y": 440,
          "direction": 4
        },
        "end": {
          "tableId": "URaee33FSQAK927XNO3rY",
          "columnIds": [
            "LuyJ-sgmcBobUd3c4hOcl"
          ],
          "x": 1630.5,
          "y": 202,
          "direction": 8
        },
        "meta": {
          "updateAt": 1728645826405,
          "createAt": 1728645826405
        }
      },
      "gGqATaPOIZ2lSqo9qkw4O": {
        "id": "gGqATaPOIZ2lSqo9qkw4O",
        "identification": true,
        "relationshipType": 4,
        "startRelationshipType": 2,
        "start": {
          "tableId": "XcIAnSAXMmM_YfTw1ZGDh",
          "columnIds": [
            "ht1-aru6lkjV1lL9kKgQo"
          ],
          "x": 937.5,
          "y": 102,
          "direction": 8
        },
        "end": {
          "tableId": "IhWzpidggXyT9S6D1zz1D",
          "columnIds": [
            "UGBT-IgbGSLE3Lw6HBGK_"
          ],
          "x": 1015.5,
          "y": 188,
          "direction": 4
        },
        "meta": {
          "updateAt": 1728645826405,
          "createAt": 1728645826405
        }
      },
      "_zIvGYQt0eN-Kg2H3OFG-": {
        "id": "_zIvGYQt0eN-Kg2H3OFG-",
        "identification": true,
        "relationshipType": 4,
        "startRelationshipType": 2,
        "start": {
          "tableId": "URaee33FSQAK927XNO3rY",
          "columnIds": [
            "hFyOYms8YK-mlaMzyw7pI",
            "LuyJ-sgmcBobUd3c4hOcl"
          ],
          "x": 1402,
          "y": 126,
          "direction": 1
        },
        "end": {
          "tableId": "IhWzpidggXyT9S6D1zz1D",
          "columnIds": [
            "8wLXC4YSpKtFfbQ357IbD",
            "KzfkIdowkBP97-SrwWBG8"
          ],
          "x": 1286,
          "y": 432,
          "direction": 2
        },
        "meta": {
          "updateAt": 1728645826405,
          "createAt": 1728645826405
        }
      },
      "hnco1TSkFeGHAgTyoIAcZ": {
        "id": "hnco1TSkFeGHAgTyoIAcZ",
        "identification": true,
        "relationshipType": 4,
        "startRelationshipType": 2,
        "start": {
          "tableId": "ibHIZDwVnYsFJPGiORdTt",
          "columnIds": [
            "sDTW-fqlCkODIouQ_kisj"
          ],
          "x": 450,
          "y": 364,
          "direction": 2
        },
        "end": {
          "tableId": "IhWzpidggXyT9S6D1zz1D",
          "columnIds": [
            "4ZCEYKmHgTXxjyTQk_V9L"
          ],
          "x": 745,
          "y": 310,
          "direction": 1
        },
        "meta": {
          "updateAt": 1728645826405,
          "createAt": 1728645826405
        }
      },
      "A_cCgvUa84akRBlzvlOeP": {
        "id": "A_cCgvUa84akRBlzvlOeP",
        "identification": true,
        "relationshipType": 4,
        "startRelationshipType": 2,
        "start": {
          "tableId": "rNlDggUZkRZh8qLkbEQLm",
          "columnIds": [
            "GPP7uscJxhMTEzk76qR_N",
            "8y-HwroaZM4FW40MzCttB"
          ],
          "x": 457,
          "y": 644,
          "direction": 2
        },
        "end": {
          "tableId": "IhWzpidggXyT9S6D1zz1D",
          "columnIds": [
            "-g6eRGHvXg5ZZcA9r40Bp",
            "gCk7t0KPXT1h7MJPldftn"
          ],
          "x": 745,
          "y": 554,
          "direction": 1
        },
        "meta": {
          "updateAt": 1728645826405,
          "createAt": 1728645826405
        }
      },
      "_EQOkSfbVj73jdHlhqx-S": {
        "id": "_EQOkSfbVj73jdHlhqx-S",
        "identification": true,
        "relationshipType": 4,
        "startRelationshipType": 2,
        "start": {
          "tableId": "Xe-h3J1CHD5pz2rQHx96O",
          "columnIds": [
            "PunfiYDi00CjYlOfGtOtu"
          ],
          "x": 1508,
          "y": 516,
          "direction": 1
        },
        "end": {
          "tableId": "v6ze7Xmg0DVhudsrajRIa",
          "columnIds": [
            "5jOSxqNtrRvQMhJrXnJ83"
          ],
          "x": 1347,
          "y": 811,
          "direction": 2
        },
        "meta": {
          "updateAt": 1728645826405,
          "createAt": 1728645826405
        }
      },
      "jTxrlW38JhB1oHlRTK3M1": {
        "id": "jTxrlW38JhB1oHlRTK3M1",
        "identification": true,
        "relationshipType": 4,
        "startRelationshipType": 2,
        "start": {
          "tableId": "ibHIZDwVnYsFJPGiORdTt",
          "columnIds": [
            "sDTW-fqlCkODIouQ_kisj"
          ],
          "x": 243.5,
          "y": 288,
          "direction": 4
        },
        "end": {
          "tableId": "NWha-ZXbsslRmVSB3HvV6",
          "columnIds": [
            "37c4CE9wLcuZVUG8F0gZO"
          ],
          "x": 259.5,
          "y": 166,
          "direction": 8
        },
        "meta": {
          "updateAt": 1728645826405,
          "createAt": 1728645826405
        }
      },
      "j2NFz7LIoiL142NcrEs2R": {
        "id": "j2NFz7LIoiL142NcrEs2R",
        "identification": true,
        "relationshipType": 4,
        "startRelationshipType": 2,
        "start": {
          "tableId": "Xe-h3J1CHD5pz2rQHx96O",
          "columnIds": [
            "PunfiYDi00CjYlOfGtOtu"
          ],
          "x": 1725.5,
          "y": 592,
          "direction": 8
        },
        "end": {
          "tableId": "3oArYyqUUAE2D6b37EARd",
          "columnIds": [
            "82eAn6lWSgP2IfX7LBW-i"
          ],
          "x": 1692.5,
          "y": 747,
          "direction": 4
        },
        "meta": {
          "updateAt": 1728645826405,
          "createAt": 1728645826405
        }
      }
    },
    "indexEntities": {
      "9CgX7E83U0NbpykfC6Lpw": {
        "id": "9CgX7E83U0NbpykfC6Lpw",
        "name": "fk_cuentas_usuarios_idx",
        "tableId": "rNlDggUZkRZh8qLkbEQLm",
        "indexColumnIds": [
          "9aZZ2MZ2V57wfYALc9lm5"
        ],
        "seqIndexColumnIds": [
          "9aZZ2MZ2V57wfYALc9lm5"
        ],
        "unique": false,
        "meta": {
          "updateAt": 1728645826405,
          "createAt": 1728645826405
        }
      },
      "Z858i8exdKrLk0xS3T_NT": {
        "id": "Z858i8exdKrLk0xS3T_NT",
        "name": "fk_subcategorias_categorias1_idx",
        "tableId": "URaee33FSQAK927XNO3rY",
        "indexColumnIds": [
          "JcrRMgWL4BQSzkcDS5FP6"
        ],
        "seqIndexColumnIds": [
          "JcrRMgWL4BQSzkcDS5FP6"
        ],
        "unique": false,
        "meta": {
          "updateAt": 1728645826405,
          "createAt": 1728645826405
        }
      },
      "7uZcNP9q5k08mGKKALFQ5": {
        "id": "7uZcNP9q5k08mGKKALFQ5",
        "name": "fk_movimientos_tipoMovimiento1_idx",
        "tableId": "IhWzpidggXyT9S6D1zz1D",
        "indexColumnIds": [
          "xU-OYqCStRNvZpN6mNwVm"
        ],
        "seqIndexColumnIds": [
          "xU-OYqCStRNvZpN6mNwVm"
        ],
        "unique": false,
        "meta": {
          "updateAt": 1728645826405,
          "createAt": 1728645826405
        }
      },
      "Nv5Q586MxabuWTGSuBCr0": {
        "id": "Nv5Q586MxabuWTGSuBCr0",
        "name": "fk_movimientos_subcategorias1_idx",
        "tableId": "IhWzpidggXyT9S6D1zz1D",
        "indexColumnIds": [
          "8t-RvouS0Dqr0f97-zB6M",
          "Eavux094CJI0RZr_gHorT"
        ],
        "seqIndexColumnIds": [
          "8t-RvouS0Dqr0f97-zB6M",
          "Eavux094CJI0RZr_gHorT"
        ],
        "unique": false,
        "meta": {
          "updateAt": 1728645826405,
          "createAt": 1728645826405
        }
      },
      "l0Ra6cEDjVgeo0JfN602T": {
        "id": "l0Ra6cEDjVgeo0JfN602T",
        "name": "fk_movimientos_usuarios1_idx",
        "tableId": "IhWzpidggXyT9S6D1zz1D",
        "indexColumnIds": [
          "kqQTNqeRyxXR-aB5V8dRX"
        ],
        "seqIndexColumnIds": [
          "kqQTNqeRyxXR-aB5V8dRX"
        ],
        "unique": false,
        "meta": {
          "updateAt": 1728645826405,
          "createAt": 1728645826405
        }
      },
      "GMRINoIAPLllepdmwqXdD": {
        "id": "GMRINoIAPLllepdmwqXdD",
        "name": "fk_movimientos_cuentas1_idx",
        "tableId": "IhWzpidggXyT9S6D1zz1D",
        "indexColumnIds": [
          "Y9QtMmdXZXBDA9El18CbI",
          "HpY-W8z5l__QaYNQJ7TvM"
        ],
        "seqIndexColumnIds": [
          "Y9QtMmdXZXBDA9El18CbI",
          "HpY-W8z5l__QaYNQJ7TvM"
        ],
        "unique": false,
        "meta": {
          "updateAt": 1728645826405,
          "createAt": 1728645826405
        }
      },
      "LSYqu6Pl5ipBWRQ07V8wE": {
        "id": "LSYqu6Pl5ipBWRQ07V8wE",
        "name": "fk_presupuestos_categorias1_idx",
        "tableId": "v6ze7Xmg0DVhudsrajRIa",
        "indexColumnIds": [
          "XWeKf3huQXVNChzDLHRo1"
        ],
        "seqIndexColumnIds": [
          "XWeKf3huQXVNChzDLHRo1"
        ],
        "unique": false,
        "meta": {
          "updateAt": 1728645826406,
          "createAt": 1728645826406
        }
      },
      "HVM0XLOsKQsY2XRflEmdQ": {
        "id": "HVM0XLOsKQsY2XRflEmdQ",
        "name": "fk_proyectos_usuarios1_idx",
        "tableId": "NWha-ZXbsslRmVSB3HvV6",
        "indexColumnIds": [
          "OPbRdA4GtHyWs1w9Swg9B"
        ],
        "seqIndexColumnIds": [
          "OPbRdA4GtHyWs1w9Swg9B"
        ],
        "unique": false,
        "meta": {
          "updateAt": 1728645826406,
          "createAt": 1728645826406
        }
      },
      "PLhM5_gLci3ehBOjt2N6P": {
        "id": "PLhM5_gLci3ehBOjt2N6P",
        "name": "fk_presupuestos_categorias1_idx",
        "tableId": "3oArYyqUUAE2D6b37EARd",
        "indexColumnIds": [
          "lsUOSE0U-ZTEdHc2Sakoy"
        ],
        "seqIndexColumnIds": [
          "lsUOSE0U-ZTEdHc2Sakoy"
        ],
        "unique": false,
        "meta": {
          "updateAt": 1728645826406,
          "createAt": 1728645826406
        }
      }
    },
    "indexColumnEntities": {
      "9aZZ2MZ2V57wfYALc9lm5": {
        "id": "9aZZ2MZ2V57wfYALc9lm5",
        "indexId": "9CgX7E83U0NbpykfC6Lpw",
        "columnId": "8y-HwroaZM4FW40MzCttB",
        "orderType": 1,
        "meta": {
          "updateAt": 1728645826405,
          "createAt": 1728645826405
        }
      },
      "JcrRMgWL4BQSzkcDS5FP6": {
        "id": "JcrRMgWL4BQSzkcDS5FP6",
        "indexId": "Z858i8exdKrLk0xS3T_NT",
        "columnId": "LuyJ-sgmcBobUd3c4hOcl",
        "orderType": 1,
        "meta": {
          "updateAt": 1728645826405,
          "createAt": 1728645826405
        }
      },
      "xU-OYqCStRNvZpN6mNwVm": {
        "id": "xU-OYqCStRNvZpN6mNwVm",
        "indexId": "7uZcNP9q5k08mGKKALFQ5",
        "columnId": "UGBT-IgbGSLE3Lw6HBGK_",
        "orderType": 1,
        "meta": {
          "updateAt": 1728645826405,
          "createAt": 1728645826405
        }
      },
      "8t-RvouS0Dqr0f97-zB6M": {
        "id": "8t-RvouS0Dqr0f97-zB6M",
        "indexId": "Nv5Q586MxabuWTGSuBCr0",
        "columnId": "8wLXC4YSpKtFfbQ357IbD",
        "orderType": 1,
        "meta": {
          "updateAt": 1728645826405,
          "createAt": 1728645826405
        }
      },
      "Eavux094CJI0RZr_gHorT": {
        "id": "Eavux094CJI0RZr_gHorT",
        "indexId": "Nv5Q586MxabuWTGSuBCr0",
        "columnId": "KzfkIdowkBP97-SrwWBG8",
        "orderType": 1,
        "meta": {
          "updateAt": 1728645826405,
          "createAt": 1728645826405
        }
      },
      "kqQTNqeRyxXR-aB5V8dRX": {
        "id": "kqQTNqeRyxXR-aB5V8dRX",
        "indexId": "l0Ra6cEDjVgeo0JfN602T",
        "columnId": "4ZCEYKmHgTXxjyTQk_V9L",
        "orderType": 1,
        "meta": {
          "updateAt": 1728645826405,
          "createAt": 1728645826405
        }
      },
      "Y9QtMmdXZXBDA9El18CbI": {
        "id": "Y9QtMmdXZXBDA9El18CbI",
        "indexId": "GMRINoIAPLllepdmwqXdD",
        "columnId": "-g6eRGHvXg5ZZcA9r40Bp",
        "orderType": 1,
        "meta": {
          "updateAt": 1728645826405,
          "createAt": 1728645826405
        }
      },
      "HpY-W8z5l__QaYNQJ7TvM": {
        "id": "HpY-W8z5l__QaYNQJ7TvM",
        "indexId": "GMRINoIAPLllepdmwqXdD",
        "columnId": "gCk7t0KPXT1h7MJPldftn",
        "orderType": 1,
        "meta": {
          "updateAt": 1728645826405,
          "createAt": 1728645826405
        }
      },
      "XWeKf3huQXVNChzDLHRo1": {
        "id": "XWeKf3huQXVNChzDLHRo1",
        "indexId": "LSYqu6Pl5ipBWRQ07V8wE",
        "columnId": "5jOSxqNtrRvQMhJrXnJ83",
        "orderType": 1,
        "meta": {
          "updateAt": 1728645826406,
          "createAt": 1728645826406
        }
      },
      "OPbRdA4GtHyWs1w9Swg9B": {
        "id": "OPbRdA4GtHyWs1w9Swg9B",
        "indexId": "HVM0XLOsKQsY2XRflEmdQ",
        "columnId": "37c4CE9wLcuZVUG8F0gZO",
        "orderType": 1,
        "meta": {
          "updateAt": 1728645826406,
          "createAt": 1728645826406
        }
      },
      "lsUOSE0U-ZTEdHc2Sakoy": {
        "id": "lsUOSE0U-ZTEdHc2Sakoy",
        "indexId": "PLhM5_gLci3ehBOjt2N6P",
        "columnId": "82eAn6lWSgP2IfX7LBW-i",
        "orderType": 1,
        "meta": {
          "updateAt": 1728645826406,
          "createAt": 1728645826406
        }
      }
    },
    "memoEntities": {}
  },
  "lww": {}
}